,Names
0,Señorita
1,China
2,boyfriend 
3,Beautiful People 
4,Goodbyes 
5,I Don't Care 
6,Ransom
7,How Do You Sleep?
8,Old Town Road - Remix
9,bad guy
10,Callaita
11,Loco Contigo 
12,Someone You Loved
13,Otro Trago - Remix
14,Money In The Grave 
15,No Guidance 
16,LA CANCIÓN
17,Sunflower - Spider-Man: Into the Spider-Verse
18,Lalala
19,Truth Hurts
20,Piece Of Your Heart
21,Panini
22,No Me Conoce - Remix
23,Soltera - Remix
24,bad guy 
25,If I Can't Have You
26,Dance Monkey
27,It's You
28,Con Calma
29,QUE PRETENDES
30,Takeaway
31,7 rings
32,0.958333333333333
33,The London 
34,Never Really Over
35,Summer Days 
36,Otro Trago
37,Antisocial 
38,Sucker
39,"fuck, i'm lonely "
40,Higher Love
41,You Need To Calm Down
42,Shallow
43,Talk
44,Con Altura
45,One Thing Right
46,Te Robaré
47,Happier
48,Call You Mine
49,Cross Me 
50,God's Plan
51,SAD!
52,rockstar 
53,Psycho 
54,In My Feelings
55,Better Now
56,I Like It
57,One Kiss 
58,IDGAF
59,FRIENDS
60,Havana
61,Lucid Dreams
62,Nice For What
63,Girls Like You 
64,The Middle
65,All The Stars 
66,no tears left to cry
67,X
68,Moonlight
69,Look Alive 
70,These Days 
71,Te Bot? - Remix
72,Mine
73,Youngblood
74,New Rules
75,Shape of You
76,Love Lies 
77,Meant to Be 
78,Jocelyn Flores
79,Perfect
80,Taste 
81,Solo 
82,I Fall Apart
83,Nevermind
84,?chame La Culpa
85,Eastside 
86,Never Be the Same
87,Wolves
88,changes
89,In My Mind
90,River 
91,Dura
92,SICKO MODE
93,Thunder
94,Me Niego
95,Jackie Chan
96,Finesse 
97,Back To You - From 13 Reasons Why ? Season 2 Soundtrack
98,Let You Down
99,Call Out My Name
100,Ric Flair Drip 
101,Happier
102,Too Good At Goodbyes
103,Freaky Friday 
104,Believer
105,FEFE 
106,Rise
107,Body 
108,XO TOUR Llif3
109,Sin Pijama
110,2002
111,Nonstop
112,Fuck Love 
113,In My Blood
114,Silence
115,God is a woman
116,D?jala que vuelva 
117,Flames
118,What Lovers Do
119,Taki Taki 
120,Let Me Go 
121,Feel It Still
122,Pray For Me 
123,Walk It Talk It
124,Him & I 
125,Candy Paint
126,Congratulations
127,"1, 2, 3 "
128,Criminal
129,Plug Walk
130,lovely 
131,Stir Fry
132,HUMBLE.
133,Vaina Loca
134,Perfect Duet 
135,Coraz?n 
136,Young Dumb & Broke
137,S?guelo Bailando
138,Downtown
139,Bella
140,Promises 
141,Yes Indeed
142,I Like Me Better
143,This Is Me
144,Everybody Dies In Their Nightmares
145,Rewrite The Stars
146,I Miss You 
147,No Brainer
148,Dusk Till Dawn - Radio Edit
149,Be Alright
150,Shape of You
151,Despacito - Remix
152,Despacito 
153,Something Just Like This
154,I'm the One
155,HUMBLE.
156,It Ain't Me 
157,Unforgettable
158,That's What I Like
159,I Don’t Wanna Live Forever 
160,XO TOUR Llif3
161,Paris
162,Stay 
163,Attention
164,Mask Off
165,Congratulations
166,Swalla 
167,Castle on the Hill
168,Rockabye 
169,Believer
170,Mi Gente
171,Thunder
172,Say You Won't Let Go
173,There's Nothing Holdin' Me Back
174,Me Rehúso
175,Issues
176,Galway Girl
177,Scared to Be Lonely
178,Closer
179,Symphony 
180,I Feel It Coming
181,Starboy
182,Wild Thoughts
183,Slide
184,New Rules
185,1-800-273-8255
186,Passionfruit
187,rockstar
188,Strip That Down
189,2U 
190,Perfect
191,Call On Me - Ryan Riback Extended Remix
192,Feels
193,Mama
194,Felices los 4
195,iSpy 
196,Location
197,Chantaje
198,Bad and Boujee 
199,Havana
200,Solo Dance
201,Fake Love
202,Let Me Love You
203,More Than You Know
204,One Dance
205,SUBEME LA RADIO
206,Pretty Girl - Cheat Codes X CADE Remix
207,Sorry Not Sorry
208,Redbone
209,24K Magic
210,DNA.
211,El Amante
212,You Don't Know Me - Radio Edit
213,Chained To The Rhythm
214,No Promises 
215,Don't Wanna Know 
216,"How Far I'll Go - From ""Moana"""
217,Slow Hands
218,Escápate Conmigo
219,Bounce Back
220,Sign of the Times
221,goosebumps
222,Young Dumb & Broke
223,There for You
224,Cold 
225,Silence
226,Too Good At Goodbyes
227,Just Hold On
228,Look What You Made Me Do
229,Glorious 
230,Starving
231,Reggaetón Lento 
232,Weak
233,Side To Side
234,Otra Vez 
235,I Like Me Better
236,In the Name of Love
237,Cold Water 
238,Malibu
239,All Night
240,Hear Me Now
241,Your Song
242,Ahora Dice
243,Friends 
244,Bank Account
245,Bad Things 
246,Don't Let Me Down
247,Body Like A Back Road
248,Now Or Never
249,Dusk Till Dawn - Radio Edit
