,danceability,energy,loudness,speechiness,acousticness,instrumentalness,liveness,valence,tempo,name,artist_name
0,0.793,0.449,-5.719,0.033,0.706,0.0,0.196,0.738,116.968,SeÃ±orita,Boyce Avenue
1,0.225,0.983,-1.317,0.0732,0.0143,1.85e-06,0.305,0.397,102.789,Chinatown,Crash Midnight
2,0.648,0.767,-5.052,0.0608,0.0219,0.0,0.19,0.796,141.906,Boyfriend #2,Pleasure P
3,0.702,0.794,-5.913,0.0562,0.00715,4.56e-05,0.11,0.37,103.972,Beautiful People (feat. Khalid) - NOTD Remix,Ed Sheeran
4,0.716,0.628,-4.957,0.0425,0.216,6.25e-06,0.113,0.386,144.984,Goodbyes,Steady NY$e
5,0.76,0.497,-10.309,0.0674,0.331,0.0,0.0713,0.428,110.965,I DON'T CARE,Quadeca
6,0.383,0.949,-4.106,0.168,0.00262,0.0,0.0998,0.758,94.142,Ransom,Fame on Fire
7,0.585,0.517,-10.269,0.0275,0.0494,0.0235,0.245,0.714,131.412,How Do You Sleep? - Remastered 2010,John Lennon
8,0.845,0.597,-8.005,0.103,0.0159,0.00388,0.0593,0.353,129.987,Old Town Road (Remix),Workout Music 
9,0.736,0.468,-8.572,0.195,0.11,0.0,0.107,0.417,80.505,Bad Guy,anders
10,0.692,0.666,-5.324,0.132,0.0877,3.53e-06,0.0591,0.823,199.879,Callaita,Tomy DJ
11,0.841,0.385,-10.637,0.0636,0.0294,0.266,0.363,0.565,96.059,Loco Contigo - Remix,Dj Doraemon
12,0.65,0.833,-4.672,0.0359,0.0803,0.0,0.0833,0.725,123.976,Someone You Loved - Future Humans Remix,Lewis Capaldi
13,0.734,0.638,-5.224,0.0872,0.0331,6.8e-06,0.0936,0.735,175.986,Otro Trago (Remix) - English Version,Ralph Larenzo
14,0.824,0.212,-10.775,0.0494,0.0695,0.896,0.105,0.157,100.498,Money In The Grave - Instrumental,DJ Boomin
15,0.671,0.14,-18.13,0.0615,0.631,0.934,0.11,0.0987,93.411,No Guidance (Instrumental),i-genius
16,0.627,0.233,-7.806,0.0472,0.945,0.807,0.115,0.156,100.164,La Cancion del Emperador - Remastered,Andres Segovia Torres
17,0.604,0.754,-4.243,0.119,0.274,3.53e-06,0.0947,0.28,179.836,"Sunflower (Remix) [with Swae Lee, Nicky Jam, and Prince Royce]",Post Malone
18,0.696,0.872,-2.683,0.077,0.315,0.0,0.229,0.836,157.012,LALALA,TWICE
19,0.776,0.305,-11.794,0.0887,0.07,0.913,0.106,0.704,158.04,Truth Hurts - Instrumental,INST
20,0.619,0.654,-10.23,0.0514,0.0172,0.00012,0.319,0.105,124.019,Piece Of Your Heart - CYA Remix,MEDUZA
21,0.69,0.394,-10.922,0.0448,0.877,0.013,0.114,0.76,81.64,Panini Pua Kea,Israel Kamakawiwo'ole
22,0.8,0.789,-3.819,0.0585,0.159,0.0,0.0891,0.583,91.979,No Me Conoce - Remix,Jhay Cortez
23,0.573,0.734,-4.928,0.0933,0.0128,3.39e-05,0.0479,0.753,100.126,Soltera Va - Remix,DJ Alex
24,0.736,0.468,-8.572,0.195,0.11,0.0,0.107,0.417,80.505,Bad Guy,anders
25,0.582,0.741,-6.936,0.0242,0.000429,0.0681,0.281,0.571,106.503,If I Can't Have You,Bee Gees
26,0.403,0.161,-18.328,0.04,0.913,0.0,0.278,0.296,62.008,Dance Monkey,Albertis Lammana
27,0.738,0.498,-6.373,0.155,0.237,0.0,0.164,0.809,95.042,It's You,Sam Kim
28,0.782,0.78,-7.742,0.0455,0.00302,0.869,0.381,0.605,97.969,Con Calma,Athe
29,0.458,0.339,-12.043,0.0658,0.856,0.0,0.121,0.477,89.104,QuÃ© Pretendes,Nous Nizzy
30,0.65,0.307,-17.301,0.0341,0.263,0.589,0.0867,0.142,126.048,Takeaway,K3DNO
31,0.537,0.931,-5.214,0.134,0.0573,9.14e-05,0.0956,0.551,140.028,7 Rings,ChuggaBoom
32,0.702,0.561,-15.507,0.0269,0.0612,0.886,0.226,0.564,109.982,Never Really Over,Mozell Graham
33,0.683,0.46,-9.492,0.0997,0.76,0.763,0.147,0.412,63.365,Summer Days,S-Ilo
34,0.4,0.598,-7.439,0.0586,0.714,0.0,0.689,0.453,165.26,Otro Trago - AcÃºstico En Vivo,Sech
35,0.44,0.842,-13.408,0.037,0.000126,1.68e-05,0.0929,0.332,104.115,Antisocial,Anthrax
36,0.559,0.942,-5.388,0.0348,0.000242,0.0154,0.327,0.732,137.96,Sucker,Our Last Night
37,0.806,0.558,-6.46,0.0683,0.482,0.0,0.0618,0.678,95.016,"fuck, i'm lonely (with Anne-Marie) - from â13 Reasons Why: Season 3â",Lauv
38,0.757,0.759,-6.387,0.037,0.0636,0.000586,0.161,0.326,109.988,Higher Love,Charming Horses
39,0.728,0.668,-6.072,0.0731,0.0071,0.0,0.13,0.698,84.975,You Need To Calm Down,Taylor Swift
40,0.395,0.335,-6.115,0.0275,0.384,0.0,0.195,0.208,95.929,Shallow,Pentatonix
41,0.698,0.66,-7.883,0.052,0.0226,0.0,0.0622,0.451,159.949,TAlk tO Me (with Rich The Kid feat. Lil Wayne) - Remix,Tory Lanez
42,0.939,0.481,-8.736,0.253,0.344,0.0,0.129,0.822,101.995,Con Alturax,Fer Palacio
43,0.646,0.792,-5.679,0.0661,0.0108,0.0,0.587,0.37,105.052,One Thing Right - Koni Remix,Marshmello
44,0.775,0.718,-6.585,0.0437,0.228,0.0,0.164,0.962,100.0,Te Robare,Bebe DJ
45,0.493,0.4,-8.117,0.0261,0.0425,1.47e-06,0.133,0.15,91.004,Happier - Acoustic,Ed Sheeran
46,0.753,0.43,-9.864,0.101,0.421,1.35e-06,0.0913,0.361,76.964,Call You Mine,sKitz Kraven
47,0.468,0.678,-5.556,0.351,0.471,0.0,0.3,0.456,81.769,Cross Me,Wayne
48,0.8,0.555,-5.944,0.0782,0.127,0.0,0.208,0.549,154.406,God's Plan,Kidz Bop Kids
49,0.527,0.538,-7.434,0.104,0.468,0.0,0.0825,0.389,117.319,Sad Forever,Lauv
50,0.482,0.881,-3.707,0.0627,0.0135,1.89e-06,0.122,0.296,128.133,Rockstar,YONAKA
51,0.576,0.989,-1.909,0.112,0.00252,0.0032,0.0243,0.352,135.093,Psychosocial,Slipknot
52,0.669,0.125,-20.37,0.0604,0.996,0.942,0.125,0.173,108.165,In My Feelings,Ashton Foster
53,0.669,0.563,-8.37,0.0334,0.269,0.0,0.114,0.487,130.01,Better Now - Recorded At Spotify Studios NYC,Troye Sivan
54,0.826,0.656,-8.529,0.0617,0.0101,0.000113,0.0272,0.852,129.963,I Like It,Sammie
55,0.59,0.919,-3.314,0.146,0.158,0.000214,0.0595,0.133,126.926,One Kiss (with Dua Lipa) - R3HAB Remix,Calvin Harris
56,0.393,0.276,-15.682,0.136,0.591,9.54e-06,0.113,0.443,46.212,IDGAF,Jacquees
57,0.716,0.652,-7.909,0.398,0.102,0.0,0.11,0.494,109.295,FRIENDS (feat. kiLL edward),J. Cole
58,0.612,0.907,-4.857,0.0274,0.167,0.0286,0.101,0.649,121.508,Havana,Pigeons Playing Ping Pong
59,0.445,0.542,-9.591,0.115,0.238,0.0,0.0931,0.174,167.995,Lucid Dreams,Kid Travis
60,0.784,0.858,-7.582,0.103,0.00182,0.927,0.0538,0.636,131.979,Nice for What,Fat Ous Maphia
61,0.491,0.481,-5.762,0.039,0.0657,0.000167,0.105,0.0546,124.858,Girls Like You,The Naked And Famous
62,0.535,0.933,-3.734,0.0484,3.81e-05,0.0154,0.0814,0.548,106.985,The Middle,Our Last Night
63,0.564,0.671,-5.207,0.0776,0.0251,0.0,0.1,0.577,77.479,All The Stars In Texas,Ludo
64,0.775,0.572,-6.498,0.0509,0.243,0.0,0.298,0.483,121.888,No Tears Left to Cry,Mini Pop Kids
65,0.611,0.39,-5.861,0.116,0.625,0.0,0.118,0.617,163.897,XO,EDEN
66,0.811,0.721,-5.739,0.099,0.0648,0.015,0.263,0.346,124.952,Moonlight,Gaullin
67,0.645,0.518,-9.02,0.0366,0.515,0.000396,0.105,0.224,110.898,Look Alive,Guster
68,0.679,0.645,-8.725,0.268,0.317,0.0,0.261,0.399,136.987,These Days,Jake Paul
69,0.669,0.733,-4.383,0.0317,0.0223,6.36e-06,0.0663,0.196,101.948,Te Bote Punjabi (Remix),Kiat
70,0.557,0.428,-11.299,0.137,0.0673,0.0019,0.139,0.0996,103.009,Mine (feat. Drake),BeyoncÃ©
71,0.673,0.682,-5.837,0.0562,0.00888,0.0,0.224,0.204,119.997,Youngblood,Kidz Bop Kids
72,0.842,0.836,-4.667,0.0569,0.0223,0.0,0.308,0.772,115.977,New Rules,Kidz Bop Kids
73,0.554,0.959,-4.786,0.0403,0.000142,0.000504,0.286,0.349,96.005,Shape of You - Rock,Our Last Night
74,0.786,0.534,-9.182,0.124,0.0169,0.856,0.0678,0.279,138.997,Love Lies,Mathii3u
75,0.383,0.595,-5.908,0.0409,0.0875,2.83e-05,0.238,0.235,104.194,Meant To Be,Arc North
76,0.695,0.39,-12.538,0.0722,0.0571,0.0106,0.206,0.289,140.002,Jocelyn Flores,Jebase
77,0.599,0.317,-11.212,0.174,0.748,0.0,0.111,0.203,148.09,Perfecto,Mac Miller
78,0.58,0.981,-3.529,0.048,3.01e-05,0.00353,0.373,0.39,105.011,Taste of Regret,Of Mice & Men
79,0.784,0.486,-6.497,0.0475,0.0538,0.497,0.101,0.0894,110.964,Solo,Future
80,0.462,0.922,-3.618,0.156,0.00402,0.00462,0.0944,0.312,144.082,I Fall Apart,Now or Never
81,0.686,0.61,-7.882,0.0731,0.0249,1.81e-05,0.123,0.291,105.002,Nevermind (Wankelmut Remix),Dennis Lloyd
82,0.72,0.914,-3.682,0.0435,0.0333,0.0,0.132,0.68,95.976,Ãchame La Culpa - Not On You Remix,Luis Fonsi
83,0.622,0.671,-7.164,0.0569,0.244,0.0,0.121,0.421,89.787,Eastside,Kidz Bop Kids
84,0.582,0.964,-4.206,0.0291,0.00506,0.463,0.0967,0.491,125.997,Never Be The Same - ALPHA 9 Remix,Tritonal
85,0.492,0.98,-3.323,0.0564,0.0236,0.000666,0.326,0.466,144.057,Wolves (You Got Me),DREAMERS
86,0.547,0.308,-11.75,0.0377,0.505,0.0,0.109,0.41,114.719,Changes - 2015 Remaster,David Bowie
87,0.616,0.457,-6.761,0.034,0.148,0.0,0.125,0.208,119.646,In My Mind,Heather Headley
88,0.405,0.152,-13.901,0.0395,0.979,9.07e-05,0.104,0.383,61.34,River,Joni Mitchell
89,0.472,0.652,-10.171,0.0305,0.0131,1.12e-05,0.14,0.401,140.124,Ordinary World,Duran Duran
90,0.665,0.65,-8.027,0.524,0.0151,0.0,0.197,0.662,154.945,Sicko Mode Freestyle,Cody Ray
91,0.164,0.626,-24.336,0.0943,0.000945,0.879,0.426,0.0216,126.684,Thunderstorm In The Cabin,Mother Nature Sound FX
92,0.506,0.449,-7.371,0.0499,0.23,0.0,0.0646,0.424,174.161,Me Niego (VersiÃ³n Pop),Reik
93,0.606,0.913,-5.88,0.0745,0.00159,0.0,0.0814,0.75,125.065,Jackie Chan - Sebastian Perez Remix,TiÃ«sto
94,0.779,0.877,-2.766,0.157,0.0447,0.0,0.0462,0.934,104.99,Finesse,Kidz Bop Kids
95,0.156,0.314,-10.92,0.0354,0.919,0.701,0.109,0.116,88.49,Call Out My Name,Brooklyn Duo
96,0.927,0.553,-7.13,0.331,0.208,0.0,0.117,0.656,99.984,36 Zips - Ric Flair Drip Remix,Klout
97,0.493,0.4,-8.117,0.0261,0.0425,1.47e-06,0.133,0.15,91.004,Happier - Acoustic,Ed Sheeran
98,0.496,0.0766,-16.565,0.0481,0.975,3.57e-05,0.124,0.432,120.288,Too Good at Goodbyes,Michkey Efronneu
99,0.475,0.659,-5.01,0.104,0.535,0.0,0.0843,0.697,154.262,Just One Day - From âFreaky Fridayâ the Disney Channel Original Movie,Cozi Zuehlsdorff
100,0.73,0.634,-5.084,0.0509,0.181,2.24e-06,0.118,0.182,126.022,Believer - Kaskade Remix,Imagine Dragons
101,0.77,0.734,-8.029,0.135,0.602,0.0311,0.143,0.686,93.08,Fefe Naa Efe,Fela Kuti
102,0.447,0.74,-6.607,0.0475,0.0122,0.000228,0.0958,0.102,93.759,Rise Up,Imagine Dragons
103,0.533,0.72,-4.764,0.0338,0.00974,1.74e-06,0.252,0.338,128.036,Body Back (feat. Maia Wright) - MitiS Remix,Gryffin
104,0.489,0.818,-6.107,0.0962,0.00189,0.0,0.315,0.579,149.991,Xo Tour Llif3 (Rock Version),Jesse Collins
105,0.616,0.862,-4.162,0.102,0.148,0.000416,0.117,0.839,206.132,Sin Pijama,Miway
106,0.756,0.887,-4.131,0.13,0.00104,0.0126,0.118,0.246,122.958,2002 - KREAM Remix,Anne-Marie
107,0.822,0.834,-6.294,0.219,0.0352,7.05e-06,0.115,0.832,80.033,Nonstop,Spinz
108,0.701,0.456,-18.437,0.249,0.175,0.0,0.369,0.711,77.982,Fuck Love,Tyler
109,0.399,0.837,-3.83,0.0463,0.00227,1.27e-06,0.161,0.351,149.868,In My Blood,Black Stone Cherry
110,0.478,0.926,-4.728,0.0753,0.0011,0.0,0.447,0.312,92.994,Silence Speaks (feat. Oli Sykes),While She Sleeps
111,0.523,0.504,-8.878,0.0366,0.539,0.0,0.183,0.333,74.99,God is a woman,Matt Stell
112,0.517,0.38,-9.072,0.264,0.33,0.0,0.35,0.519,80.409,DÃ©jala que vuelva,Laura Naranjo
113,0.823,0.403,-5.825,0.0795,0.139,0.0,0.0278,0.517,120.877,Flames,11:11
114,0.757,0.724,-6.168,0.0682,0.238,1.17e-05,0.104,0.632,109.948,What Lovers Do (feat. SZA) - A-Trak Remix,Maroon 5
115,0.828,0.794,-4.25,0.204,0.177,7.47e-06,0.0724,0.626,95.971,"Taki Taki (with Selena Gomez, Ozuna, feat. Cardi B)",DJ Snake
116,0.773,0.641,-8.049,0.0456,0.0512,0.000365,0.0791,0.944,109.141,Let Me Go,Cake
117,0.654,0.781,-4.628,0.0514,0.496,0.0,0.104,0.699,152.013,Feel It Still - Gryffin Remix,Portugal. The Man
118,0.388,0.552,-7.189,0.326,0.108,0.0,0.106,0.0504,80.073,Pray For Me,Lil' Kim
119,0.803,0.769,-4.806,0.0321,0.134,0.00114,0.443,0.881,98.341,Walk It Down - 2005 Remaster,Talking Heads
120,0.718,0.436,-13.524,0.032,0.339,0.0,0.0504,0.962,109.437,Him,Rupert Holmes
121,0.623,0.524,-6.881,0.0329,0.497,0.0,0.0874,0.792,90.009,Candy Paint - Acoustic,Adam Christopher
122,0.333,0.859,-2.286,0.148,0.0185,0.0,0.22,0.125,86.882,Congratulations,Drake
123,0.82,0.63,-5.567,0.0841,0.082,0.0,0.0698,0.953,124.99,"1, 2, 3",NCT DREAM
124,0.529,0.957,-3.522,0.0932,0.000105,0.000922,0.328,0.405,123.062,Criminal,State Champs
125,0.753,0.0547,-17.533,0.0763,0.531,0.807,0.11,0.234,190.004,Plug Walk - Instrumental,i-genius
126,0.666,0.728,-5.808,0.0419,0.00175,4.26e-06,0.0429,0.51,122.996,broken,lovelytheband
127,0.771,0.414,-12.019,0.0836,0.352,0.00426,0.216,0.424,138.025,Sunday,Stirfryboyz
128,0.948,0.709,-5.023,0.314,0.101,0.0,0.142,0.636,110.044,Humble,DaBoii
129,0.803,0.887,-5.714,0.0527,0.278,1.79e-06,0.0636,0.721,117.021,Una Vaina Loca (feat. Fuego),Boy Wonder CF
130,0.391,0.411,-9.108,0.0283,0.246,0.0,0.104,0.245,171.493,Perfect Christmas,Daniel Padilla
131,0.699,0.789,-5.173,0.0285,0.13,0.287,0.0874,0.962,119.959,Corazon Espinado (feat. Mana),Santana
132,0.747,0.432,-9.736,0.0638,0.141,0.0,0.126,0.434,155.005,Young & Dumb,Reece Brunke
133,0.756,0.58,-4.8,0.0375,0.286,5.31e-06,0.133,0.402,124.127,Bella (feat. Emma Zander),Bryce Vine
134,0.527,0.819,-3.374,0.0422,0.00298,0.000152,0.0606,0.143,140.02,Promises - Skrillex & Nero Remix,NERO
135,0.209,0.316,-14.812,0.0327,0.955,3.91e-05,0.445,0.277,84.939,Yes Indeed,Teena Marie
136,0.428,0.0648,-19.362,0.05,0.995,0.945,0.109,0.28,110.059,I Like Me Better,Tom Powers
137,0.571,0.95,-4.641,0.0484,0.000272,0.0,0.0625,0.626,105.016,This Is Me,New Found Glory
138,0.845,0.189,-12.925,0.389,0.694,0.0,0.143,0.0738,64.648,Everybody Dies in Their Nightmares (Remix),Ashton Rich
139,0.597,0.937,-3.36,0.0406,0.0111,2.96e-06,0.144,0.709,124.995,Rewrite The Stars - Wideboy's Hands In The Air Remix,James Arthur
140,0.678,0.63,-7.15,0.045,0.435,0.0,0.23,0.737,104.994,I Miss You,Boyce Avenue
141,0.852,0.536,-7.013,0.306,0.366,0.0,0.259,0.75,124.992,No Brainer,Hodgy
142,0.683,0.598,-14.233,0.0387,0.00175,0.018,0.0713,0.913,127.998,Dusk Till Dawn - Radio Edit,Danny Howells
143,0.744,0.627,-6.689,0.163,0.391,0.00203,0.093,0.476,149.817,Be Alright,Surfaces
144,0.554,0.959,-4.786,0.0403,0.000142,0.000504,0.286,0.349,96.005,Shape of You - Rock,Our Last Night
145,0.584,0.905,-5.525,0.0457,0.111,0.0,0.36,0.929,89.828,Despacito (Remix),Future Sunsets
146,0.646,0.705,-6.579,0.395,0.0968,0.0,0.356,0.379,144.056,Despacito Too,JID
147,0.64,0.697,-6.186,0.0261,0.00296,0.000815,0.219,0.304,102.984,Something Just Like This,Logan Mize
148,0.5,0.966,-8.432,0.15,1.11e-05,0.000263,0.191,0.415,140.956,I'm the One (feat. Casey Lee Williams),Jeff Williams
149,0.948,0.709,-5.023,0.314,0.101,0.0,0.142,0.636,110.044,Humble,DaBoii
150,0.711,0.758,-8.385,0.0326,0.162,0.011,0.185,0.842,115.367,It Ain't Me Babe,Joaquin Phoenix
151,0.351,0.935,-3.518,0.236,0.00263,0.0,0.141,0.443,158.018,Unforgettable,Godsmack
152,0.737,0.841,-4.516,0.0476,0.0259,0.0,0.672,0.77,127.999,That's What I Like (feat. Fitz),Flo Rida
153,0.736,0.445,-8.402,0.0556,0.058,1.61e-05,0.214,0.105,117.962,"I Donât Wanna Live Forever (Fifty Shades Darker) - From ""Fifty Shades Darker (Original Motion Picture Soundtrack)""",ZAYN
154,0.489,0.818,-6.107,0.0962,0.00189,0.0,0.315,0.579,149.991,Xo Tour Llif3 (Rock Version),Jesse Collins
155,0.472,0.881,-5.252,0.0524,0.0876,0.0,0.0698,0.502,178.858,Paris,Magic Man
156,0.703,0.826,-7.179,0.0341,0.0322,0.00629,0.179,0.945,103.564,"Stayin' Alive - From ""Saturday Night Fever"" Soundtrack",Bee Gees
157,0.524,0.975,-2.914,0.0629,0.000443,0.296,0.877,0.58,160.03,ATTENTION ATTENTION,Shinedown
158,0.81,0.682,-6.561,0.238,0.198,7.88e-05,0.322,0.922,140.01,Mask Off,AzariTheRebel
159,0.333,0.859,-2.286,0.148,0.0185,0.0,0.22,0.125,86.882,Congratulations,Drake
160,0.891,0.914,-5.265,0.157,0.58,0.0,0.0944,0.667,97.998,Swalla (Jathi Mix),IndianRaga
161,0.399,0.211,-6.948,0.0391,0.722,0.0,0.165,0.191,85.187,Castle on the Hill,Michkey Efronneu
162,0.833,0.642,-6.959,0.0753,0.361,2.7e-05,0.117,0.567,102.012,Rockabye (feat. Anne-Marie) - Recorded at Spotify Studios NYC,Clean Bandit
163,0.73,0.634,-5.084,0.0509,0.181,2.24e-06,0.118,0.182,126.022,Believer - Kaskade Remix,Imagine Dragons
164,0.72,0.953,-2.47,0.245,0.00215,1.94e-05,0.105,0.554,127.991,Mi Gente - Steve Aoki Remix,J Balvin
165,0.164,0.626,-24.336,0.0943,0.000945,0.879,0.426,0.0216,126.684,Thunderstorm In The Cabin,Mother Nature Sound FX
166,0.304,0.17,-14.944,0.0432,0.991,0.942,0.121,0.184,82.663,Say You Won't Let Go,Henry Smith
167,0.918,0.762,-3.886,0.0405,0.296,0.0,0.0957,0.943,121.983,There's Nothing Holdin' Me Back,Kidz Bop Kids
168,0.655,0.607,-7.899,0.113,0.147,0.0,0.168,0.754,183.855,Me RehÃºso,Ledes Diaz
169,0.758,0.487,-8.126,0.225,0.36,0.0,0.0964,0.111,100.097,Issues,Don Toliver
170,0.678,0.619,-3.41,0.0568,0.681,1.12e-05,0.11,0.769,100.135,Galway Girl,Madilyn Bailey
171,0.501,0.683,-4.261,0.0651,0.178,2.7e-06,0.385,0.319,154.901,Scared To Be Lonely - Conro Remix,Martin Garrix
172,0.588,0.751,-7.588,0.0328,0.00174,6.57e-05,0.353,0.52,136.979,Closer,Tegan and Sara
173,0.386,0.371,-14.78,0.0346,0.83,0.749,0.0876,0.948,143.732,"Symphony No.5 In B Flat Major, K.22: 3. Allegro molto",RIAS-Symphonie-Orchester
174,0.526,0.263,-15.474,0.0475,0.982,0.851,0.169,0.055,93.188,I Feel It Coming (Piano Arrangement),The Theorist
175,0.735,0.761,-4.219,0.0497,0.0548,1.78e-06,0.0482,0.79,94.031,Jam,Starboy
176,0.698,0.924,-2.583,0.0869,0.0167,0.000785,0.0446,0.641,116.04,Wild Thoughts - Dave AudÃ© Dance Remix,DJ Khaled
177,0.532,0.704,-3.895,0.26,0.093,0.0,0.184,0.591,96.004,Slide (feat. Blueface & Lil Tjay),French Montana
178,0.842,0.836,-4.667,0.0569,0.0223,0.0,0.308,0.772,115.977,New Rules,Kidz Bop Kids
179,0.574,0.463,-6.684,0.0312,0.514,0.0,0.0715,0.258,93.167,1-800-273-8255,Cimorelli
180,0.577,0.306,-10.694,0.0592,0.547,2.88e-06,0.109,0.117,103.065,Passionfruit,Wyvern Lingo
181,0.482,0.881,-3.707,0.0627,0.0135,1.89e-06,0.122,0.296,128.133,Rockstar,YONAKA
182,0.919,0.384,-8.923,0.0636,0.034,0.0,0.182,0.632,106.035,Strip That Down For Me,Grant Richards
183,0.634,0.964,-1.108,0.0469,0.0195,0.0,0.188,0.917,111.139,Stayin' Alive (from Happy Death Day 2U),Lizzo
184,0.599,0.317,-11.212,0.174,0.748,0.0,0.111,0.203,148.09,Perfecto,Mac Miller
185,0.761,0.672,-5.887,0.212,0.0893,9.77e-06,0.14,0.437,160.077,MAMA,6ix9ine
186,0.76,0.639,-8.094,0.234,0.153,0.0,0.288,0.719,93.939,Felices los 4,Boricua Boys
187,0.716,0.587,-8.343,0.17,0.427,0.0,0.288,0.68,75.001,"ISpy (Spanish Version KYLE, Lil Yachty) - Spanish Remix Version",The Classy
188,0.508,0.293,-7.47,0.0446,0.941,0.0,0.0787,0.395,91.511,Location Unknown â - Brooklyn Session,HONNE
189,0.77,0.916,-6.666,0.115,0.542,0.000216,0.178,0.842,103.966,Chantaje,Raya Real
190,0.532,0.464,-11.216,0.0567,0.24,0.94,0.11,0.504,126.971,Bad and Boujee - Instrumental,C-TRIP
191,0.612,0.907,-4.857,0.0274,0.167,0.0286,0.101,0.649,121.508,Havana,Pigeons Playing Ping Pong
192,0.177,0.622,-8.565,0.058,0.0253,3.55e-05,0.0419,0.431,204.322,Track A- Solo Dancer,Charles Mingus
193,0.675,0.743,-5.004,0.0378,0.147,0.0,0.0972,0.801,93.027,Fake Lover,Raymix
194,0.443,0.843,-4.314,0.0509,0.304,1.13e-06,0.169,0.554,181.936,Let Me Love You,Chris Lane
195,0.472,0.0603,-16.947,0.125,0.976,0.681,0.111,0.146,73.771,More Than You Know,George Winston
196,0.78,0.637,-8.589,0.0665,0.0526,0.00745,0.204,0.73,103.98,One Dance,Vibe2Vibe
197,0.563,0.447,-8.175,0.163,0.801,1.51e-05,0.0851,0.803,149.892,SUBEME LA RADIO - Bossa Nova Version,Ensolarada
198,0.861,0.553,-8.975,0.0552,0.142,0.00378,0.0526,0.657,99.992,Redbone (triple j Like A Version),Northeast Party House
199,0.932,0.8,-8.378,0.528,0.0265,0.00576,0.173,0.83,139.993,24k Magic (Jersey Club),Kyle Edwards
200,0.515,0.824,-5.062,0.061,0.151,0.0,0.0603,0.521,125.094,DNA,Empire of the Sun
201,0.664,0.613,-10.071,0.0317,0.347,0.00838,0.144,0.962,123.881,El Amante Apasionado,Polo Urias
202,0.877,0.65,-6.07,0.148,0.162,0.0,0.314,0.672,123.987,You Don't Know Me - Radio Edit,Jax Jones
203,0.574,0.779,-5.715,0.0461,0.0105,0.768,0.0824,0.563,94.977,Chained to the Rhythm,Simply Three
204,0.673,0.646,-7.101,0.0552,0.434,0.0,0.187,0.521,121.119,No Promises (feat. Demi Lovato) - Ashworth Remix,Cheat Codes
205,0.691,0.942,-1.855,0.0447,0.0596,0.0,0.428,0.517,100.054,Don't Wanna Know - Fareoh Remix,Maroon 5
206,0.525,0.194,-15.443,0.0449,0.991,0.903,0.114,0.123,168.048,"How Far I'll Go (From ""Moana"")",Club Unicorn
207,0.872,0.207,-16.577,0.0371,0.0257,1.55e-05,0.0881,0.92,85.977,Slow Hands,Kurt Hugo Schneider
208,0.776,0.894,-5.986,0.0428,0.279,0.0,0.0377,0.784,102.476,EscÃ¡pate Conmigo,Leo y su Ricasalsa
209,0.799,0.828,-3.744,0.0843,0.00754,0.857,0.265,0.516,126.029,Bounce Back,LaCrÃ¨me
210,0.553,0.288,-5.563,0.0461,0.785,0.0,0.154,0.371,122.702,Sign Of The Times,Kim Woo Sung
211,0.735,0.715,-5.568,0.171,0.255,0.0,0.388,0.75,144.028,Goosebumps,Jaylon Ashaun
212,0.747,0.432,-9.736,0.0638,0.141,0.0,0.126,0.434,155.005,Young & Dumb,Reece Brunke
213,0.589,0.901,-5.574,0.043,0.000681,0.000492,0.361,0.511,128.109,There For You,Raven & Kreyn
214,0.516,0.486,-11.81,0.0272,0.0987,1.48e-06,0.143,0.471,132.542,Cold as Ice,Foreigner
215,0.478,0.926,-4.728,0.0753,0.0011,0.0,0.447,0.312,92.994,Silence Speaks (feat. Oli Sykes),While She Sleeps
216,0.496,0.0766,-16.565,0.0481,0.975,3.57e-05,0.124,0.432,120.288,Too Good at Goodbyes,Michkey Efronneu
217,0.535,0.196,-17.144,0.0291,0.725,0.925,0.127,0.383,180.118,Just Hold on to My Thoughts,Lincoln Velazquez
218,0.594,0.867,-5.44,0.0835,0.00112,7.51e-05,0.458,0.514,128.043,Look What You Made Me Do,Keeping Secrets
219,0.679,0.634,-4.957,0.0381,0.0153,0.00106,0.144,0.418,100.006,Glorious,Sudan Archives
220,0.458,0.9,-2.015,0.0554,0.00232,0.0,0.383,0.396,128.077,Starving for Friends,Slaves
221,0.478,0.532,-8.652,0.119,0.512,2.63e-05,0.101,0.35,176.217,ReggaetÃ³n Lento (Bailemos),Xandra Garsem
222,0.489,0.224,-11.305,0.0617,0.883,2.49e-06,0.496,0.296,118.283,Weakness,Jeremy Zucker
223,0.643,0.725,-5.822,0.184,0.0433,0.0,0.351,0.681,159.159,Side to Side (feat. Nicki Minaj),Ariana Grande
224,0.637,0.591,-8.814,0.118,0.133,2.27e-05,0.177,0.154,162.893,Otra Vez,Legarda
225,0.428,0.0648,-19.362,0.05,0.995,0.945,0.109,0.28,110.059,I Like Me Better,Tom Powers
226,0.642,0.864,-3.657,0.0379,0.0455,1.98e-06,0.081,0.564,125.088,In The Name Of Love - The Him Remix,Martin Garrix
227,0.649,0.377,-6.667,0.0407,0.667,5.73e-06,0.109,0.155,77.05,Cold Water,CHINCHILLA
228,0.435,0.154,-21.451,0.0367,0.977,0.85,0.0728,0.0799,148.1,Malibu,Matthew Harvey
229,0.739,0.576,-12.024,0.0472,0.122,0.00206,0.0482,0.78,108.81,All Night Long (All Night) - Single Version,Lionel Richie
230,0.648,0.663,-8.024,0.0914,0.0221,0.000116,0.318,0.688,80.045,HEAR ME NOW,3OH!3
231,0.344,0.0683,-14.155,0.0418,0.991,0.928,0.118,0.252,72.012,Your Song,Elisa Mosel
232,0.533,0.465,-9.349,0.119,0.566,0.0,0.171,0.757,166.894,Ahora Dice,Marcos da costa
233,0.716,0.652,-7.909,0.398,0.102,0.0,0.11,0.494,109.295,FRIENDS (feat. kiLL edward),J. Cole
234,0.756,0.763,-3.059,0.0661,0.0142,0.0,0.139,0.88,110.072,Bank Account,Jakubi
235,0.641,0.984,-5.867,0.0503,0.00107,0.866,0.385,0.342,129.952,Bad Things,No Mana
236,0.58,0.636,-7.661,0.11,0.5,0.00449,0.279,0.253,104.853,Don't Let Me Down (feat. Khalid),Sabrina Claudio
237,0.565,0.631,-5.419,0.116,0.487,0.0,0.223,0.728,125.47,Body Like a Back Road,Justin Champagne
238,0.735,0.932,-3.778,0.156,0.0488,0.0,0.407,0.771,120.056,Now or Never,SF9
239,0.683,0.598,-14.233,0.0387,0.00175,0.018,0.0713,0.913,127.998,Dusk Till Dawn - Radio Edit,Danny Howells
