,id,name,artist_name
0,35obLwcYdzHV0SmTYAVjIZ,Señorita,Boyce Avenue
1,3Lf6jI337k06ZmJt0FiCmI,Chinatown,Crash Midnight
2,3taIcgVjePRzkdz0ZmJbOi,Boyfriend #2,Pleasure P
3,6J7WMB5GII6pEOzy687jhO,Beautiful People (feat. Khalid) - NOTD Remix,Ed Sheeran
4,7xbuHCKBnxK6EJGwvD98Xt,Goodbyes,Steady NY$e
5,1SbMoPxVg1vZJw2w8YVoKq,I DON'T CARE,Quadeca
6,1Pijqwn32fmbV6EbsKgd11,Ransom,Fame on Fire
7,7xsr2OppItxPB4whucYr2G,How Do You Sleep? - Remastered 2010,John Lennon
8,2YYO2IuGe6dI9Lv3mpeUWo,Old Town Road (Remix),Workout Music 
9,5w4enr0FN8ZTwxmfnACz2f,Bad Guy,anders
10,4LZOC4i7Ec2FoxMU9QCiEC,Callaita,Tomy DJ
11,0En1EpZbqvtGwjHtJs8hpc,Loco Contigo - Remix,Dj Doraemon
12,1e8PAfcKUYoKkxPhrHqw4x,Someone You Loved - Future Humans Remix,Lewis Capaldi
13,1U8luPfmct3IsHFZ3N96GQ,Otro Trago (Remix) - English Version,Ralph Larenzo
14,5ndpp3ihIJkegE72YCNrgD,Money In The Grave - Instrumental,DJ Boomin
15,70gSDNZxq8K5LcYQwZPWWj,No Guidance (Instrumental),i-genius
16,2VcqC6yERb9v5UimqOmMCh,La Cancion del Emperador - Remastered,Andres Segovia Torres
17,0wt9RjddODlWDetpuaXfRK,"Sunflower (Remix) [with Swae Lee, Nicky Jam, and Prince Royce]",Post Malone
18,1MTcKYcmD96wCg2WwwQjtb,LALALA,TWICE
19,2pkGKBnv5SRNgFNDBVZIil,Truth Hurts - Instrumental,INST
20,3WEifRfQ9VwQ3x7bp5sgCo,Piece Of Your Heart - CYA Remix,MEDUZA
21,1SpItvF1vZYOuH52K5S7AF,Panini Pua Kea,Israel Kamakawiwo'ole
22,7AxIUTibISfXcqpacAKvPo,No Me Conoce - Remix,Jhay Cortez
23,4Tb28rtfvLtFeDIZl5MIIE,Soltera Va - Remix,DJ Alex
24,5w4enr0FN8ZTwxmfnACz2f,Bad Guy,anders
25,24mEsJJhJeManXMz28UkNR,If I Can't Have You,Bee Gees
26,3wX0UpTmocEQl3hbXP1Jke,Dance Monkey,Albertis Lammana
27,6pm3SR1vvrV54AOJWsN7y7,It's You,Sam Kim
28,1AzYTUiiwdAyLvmYEkAKF2,Con Calma,Athe
29,1BZAvrgWIllBz54SW5AMGM,Qué Pretendes,Nous Nizzy
30,5WXitbfcWuQQkHbZY7EPbE,Takeaway,K3DNO
31,0hSWBbEyDLQilgDZC9DWH5,7 Rings,ChuggaBoom
32,5sLg9RLumZBIBepeUxruY1,Never Really Over,Mozell Graham
33,0upnnaxbmSBE46FsFycuM0,Summer Days,S-Ilo
34,0VDvSDARyeJH7QIdsHNqur,Otro Trago - Acústico En Vivo,Sech
35,2Hy27APwGt3lMfpZ0Bzf13,Antisocial,Anthrax
36,3V7C4cBWwoCnGTJ4mtupsF,Sucker,Our Last Night
37,2B7oyUTr2pCsUqPy4bgiYB,"fuck, i'm lonely (with Anne-Marie) - from “13 Reasons Why: Season 3”",Lauv
38,3Md4WAeVbgzTpqBPJqmAFM,Higher Love,Charming Horses
39,4VdgVYzrI5lmh6zC9BzNOO,You Need To Calm Down,Taylor Swift
40,5Y1RxOJRU1FvtKOw0pdNef,Shallow,Pentatonix
41,51w9Jbat1pLeWINGCpnQUR,TAlk tO Me (with Rich The Kid feat. Lil Wayne) - Remix,Tory Lanez
42,5xko5jpcTa8v2WgY8MhoXp,Con Alturax,Fer Palacio
43,0TrIO6sENZNH0yYGhNyLdK,One Thing Right - Koni Remix,Marshmello
44,6iy0aWzk1dm4RsXE0GU8JO,Te Robare,Bebe DJ
45,5weKCP07IGA1565wfI3cZ1,Happier - Acoustic,Ed Sheeran
46,2G14PPBi0RqqhfTi5XMKHO,Call You Mine,sKitz Kraven
47,5ltXD3jDEvwmWarrFp7cR1,Cross Me,Wayne
48,59ovPhi1ShyMJZiXf5MIiT,God's Plan,Kidz Bop Kids
49,4a5zacCsHLtMC2mcxkqWwn,Sad Forever,Lauv
50,6XZ8SzOsrIPce5JdgMeJFF,Rockstar,YONAKA
51,2MvIMgtWyK88OiPi0J8Dg3,Psychosocial,Slipknot
52,3px1JGGtBr1g3Y7irzZVoZ,In My Feelings,Ashton Foster
53,4rf444Z5dWQd6Jg5okkpZl,Better Now - Recorded At Spotify Studios NYC,Troye Sivan
54,0IvTGWbNnCiUi9IOF7ye3F,I Like It,Sammie
55,5tsZgJv9QqdrIqxU9piCku,One Kiss (with Dua Lipa) - R3HAB Remix,Calvin Harris
56,4EzjcaPFn5Wqhi9agq13r7,IDGAF,Jacquees
57,6onwlDmIVKE8bBgyBRSuS0,FRIENDS (feat. kiLL edward),J. Cole
58,6t3vdkx2mkGSxJW5Nk4RCk,Havana,Pigeons Playing Ping Pong
59,02LQJtgoaZi08Ei8sj1j4T,Lucid Dreams,Kid Travis
60,3CSYA6QFyRJKwkmcdQuqUt,Nice for What,Fat Ous Maphia
61,5mEyCUtI36Jmu2KNQQ4jaw,Girls Like You,The Naked And Famous
62,0wAXhNsFszWcxhgpMxB4ng,The Middle,Our Last Night
63,3tpYDaGBlgQQWAI8KHdNro,All The Stars In Texas,Ludo
64,061VxiPJeP5YiIOP8Z2DF0,No Tears Left to Cry,Mini Pop Kids
65,0ZAiqymvbQUZAh9y6ZT3Rm,XO,EDEN
66,7COq4g77Lk81xC5vZwfnIs,Moonlight,Gaullin
67,6OqvI5JjqWteUuZ7kZDMp9,Look Alive,Guster
68,3ge3d1K6pwM2Sm5A6OntES,These Days,Jake Paul
69,5ButoUh5xM097isfCBxKlE,Te Bote Punjabi (Remix),Kiat
70,63FrXif0Pdu4NAPvTh87mw,Mine (feat. Drake),Beyoncé
71,47SbZWvcfOAgzfAHzMWvdk,Youngblood,Kidz Bop Kids
72,17DaNTlAY4qPjLJcalrCnD,New Rules,Kidz Bop Kids
73,7hH4dSp71EOv3XS57e8CYu,Shape of You - Rock,Our Last Night
74,1AB6e3NgDzjWu23qmtNToJ,Love Lies,Mathii3u
75,4unpXe9GYrqsD3eIL3QGZp,Meant To Be,Arc North
76,22YysUzOjDdDolFPxHyMoC,Jocelyn Flores,Jebase
77,0Xcy81PsJCOO6mhLZaQyQ4,Perfecto,Mac Miller
78,2qteWVf7459okiPxGwgyez,Taste of Regret,Of Mice & Men
79,4lH6nENd1y81jp7Yt9lTBX,Solo,Future
80,6o9ijnA9IKOFfLqyBLfexW,I Fall Apart,Now or Never
81,1CNCmckkTkCoJ8FsuwwL7t,Nevermind (Wankelmut Remix),Dennis Lloyd
82,2mjAAxeZZABdhVl1qojJgt,Échame La Culpa - Not On You Remix,Luis Fonsi
83,4AgN4aM1nWK2tBGfUF8Ypu,Eastside,Kidz Bop Kids
84,3kLlLl1j7Kcw9nap2pxJOK,Never Be The Same - ALPHA 9 Remix,Tritonal
85,2NrCdk8AjZdTC50O5Efa6C,Wolves (You Got Me),DREAMERS
86,0LrwgdLsFaWh9VXIjBRe8t,Changes - 2015 Remaster,David Bowie
87,6NSlNryPDSICV6ER6ZRosi,In My Mind,Heather Headley
88,0DAmSYQW9kq9gQNDI002KP,River,Joni Mitchell
89,0wokCRaKD0zPNhMRXAgVsr,Ordinary World,Duran Duran
90,5N9sCrhY0kvP91QS3pbKje,Sicko Mode Freestyle,Cody Ray
91,5PmVqECxxW8pix05pb5gjv,Thunderstorm In The Cabin,Mother Nature Sound FX
92,6biiFhQxH0ZnYM3G6Mqfhw,Me Niego (Versión Pop),Reik
93,5pT2YfSaNwYsBPbIuBb0PE,Jackie Chan - Sebastian Perez Remix,Tiësto
94,0UQQNeU52QjnVmcqiaa9HT,Finesse,Kidz Bop Kids
95,5sT1HUeiNSfWtnKHJwuzxK,Call Out My Name,Brooklyn Duo
96,7pHgHQZsgxpR06a5t5dnt5,36 Zips - Ric Flair Drip Remix,Klout
97,5weKCP07IGA1565wfI3cZ1,Happier - Acoustic,Ed Sheeran
98,2DqT8BvUQzpsHMNefNUJYJ,Too Good at Goodbyes,Michkey Efronneu
99,42wJxvQDuNJHf11rihXgYw,Just One Day - From “Freaky Friday” the Disney Channel Original Movie,Cozi Zuehlsdorff
100,6aiHF2IbJr6lG4Vu9em8KF,Believer - Kaskade Remix,Imagine Dragons
101,01M4pDUAFpAiuvtNSDRSlE,Fefe Naa Efe,Fela Kuti
102,3zT2616WcD9Df5m21OsCX0,Rise Up,Imagine Dragons
103,37sWwiGlP1d9ubNd1fpI56,Body Back (feat. Maia Wright) - MitiS Remix,Gryffin
104,1kRRWtY6xbSYZZ0BtfOwMM,Xo Tour Llif3 (Rock Version),Jesse Collins
105,3gT7EJvV3MB9oGVHbXNOuG,Sin Pijama,Miway
106,7JCmaxxkWIcq8BRiSKHH9V,2002 - KREAM Remix,Anne-Marie
107,06GLPJX5ptJa7y0NCn3vV1,Nonstop,Spinz
108,5S9xJbQ0zEtxUMCoVs5Hg4,Fuck Love,Tyler
109,2iIDpuiFj86WKpK6eKyzTP,In My Blood,Black Stone Cherry
110,630ukLlqNjQ4dKnGuALw8h,Silence Speaks (feat. Oli Sykes),While She Sleeps
111,1u5h8BV9ifg1YGQbNyTdrw,God is a woman,Matt Stell
112,7JuH4h002lCrydqyJ5hBOh,Déjala que vuelva,Laura Naranjo
113,0N0iDPsKl9tTCwdnJtAq78,Flames,11:11
114,4LNkFjC0mcnsMR2Eb0cmc0,What Lovers Do (feat. SZA) - A-Trak Remix,Maroon 5
115,2NKftnbWYQNQ1lZ6E4w2be,"Taki Taki (with Selena Gomez, Ozuna, feat. Cardi B)",DJ Snake
116,0qdJUhXtk9u7sdSwfBB5XU,Let Me Go,Cake
117,1UYxFXgrwCP99lWDv7g2Xl,Feel It Still - Gryffin Remix,Portugal. The Man
118,3TyVNVYayXbnv2XlBTdvZz,Pray For Me,Lil' Kim
119,1tJXXpIpLIz9mIphG4i6ES,Walk It Down - 2005 Remaster,Talking Heads
120,5rMthFHPxRDi4Uxg06iK6H,Him,Rupert Holmes
121,0LgeaAeHfkaxn59nF9jGdG,Candy Paint - Acoustic,Adam Christopher
122,3SnXwQUrvSacFziUYXTNKY,Congratulations,Drake
123,4LxKdotqcHAb0S7skugKIz,"1, 2, 3",NCT DREAM
124,0CXQ2LNOcb6oJTWYEWKtyK,Criminal,State Champs
125,6xudQaB751xc05HbsrQyc6,Plug Walk - Instrumental,i-genius
126,6XcfKZvJio9Z0fQy11GnNX,broken,lovelytheband
127,5V2sSwnWekr12fn6Y1TiPu,Sunday,Stirfryboyz
128,3jNExYM2qwUVCxTKY8kvp8,Humble,DaBoii
129,0jXyTYEqZgFPqQvrl1dkRK,Una Vaina Loca (feat. Fuego),Boy Wonder CF
130,1mj593PJMXdNtexx4VY4Go,Perfect Christmas,Daniel Padilla
131,2WoqgtWEBbbBKMDN6Becs7,Corazon Espinado (feat. Mana),Santana
132,4xQK6KB8ZJpuvwk9TD1Ara,Young & Dumb,Reece Brunke
133,5m4DjkPaGvrcHGT5h8oNCM,Bella (feat. Emma Zander),Bryce Vine
134,7569Hbv0FUS7vjkdGvdgeZ,Promises - Skrillex & Nero Remix,NERO
135,0AqxtFK7lRbTqzwul6vaN7,Yes Indeed,Teena Marie
136,3w8O04Mi1efnH8n6pFg7et,I Like Me Better,Tom Powers
137,3jSOjgC5mSNzLPvdbMFqcM,This Is Me,New Found Glory
138,3y1vwjoAlFu3omxhJY7w2C,Everybody Dies in Their Nightmares (Remix),Ashton Rich
139,3cGTJ36recw62AXf34v3kJ,Rewrite The Stars - Wideboy's Hands In The Air Remix,James Arthur
140,2zJrtjhRBhRuWlqkLJuKKK,I Miss You,Boyce Avenue
141,2YCEakjfsU8FDsSs8BEsEn,No Brainer,Hodgy
142,6qLtbjW2b9BWqKgovAKXGg,Dusk Till Dawn - Radio Edit,Danny Howells
143,7wicS9jiXpsk5gP1iZgrdJ,Be Alright,Surfaces
144,7hH4dSp71EOv3XS57e8CYu,Shape of You - Rock,Our Last Night
145,5h9icSFOIHuoECSlGFO8Ah,Despacito (Remix),Future Sunsets
146,2oUI2kKbVOowQpg0flQbkr,Despacito Too,JID
147,7bfSSxfZaLkiTxo7WOySRo,Something Just Like This,Logan Mize
148,0t7J9sz753KV0mG9OiKrk8,I'm the One (feat. Casey Lee Williams),Jeff Williams
149,3jNExYM2qwUVCxTKY8kvp8,Humble,DaBoii
150,0jasbGRELTM14tJi9SxGGF,It Ain't Me Babe,Joaquin Phoenix
151,1184omF5xTwYyI6fMijVrr,Unforgettable,Godsmack
152,4eE21980kRW4k4oHRQciCK,That's What I Like (feat. Fitz),Flo Rida
153,1ZprbP3rZup21GdEHkXU2O,"I Don’t Wanna Live Forever (Fifty Shades Darker) - From ""Fifty Shades Darker (Original Motion Picture Soundtrack)""",ZAYN
154,1kRRWtY6xbSYZZ0BtfOwMM,Xo Tour Llif3 (Rock Version),Jesse Collins
155,4EaO2XR7gWaHq8DW7nu1iY,Paris,Magic Man
156,3mRM4NM8iO7UBqrSigCQFH,"Stayin' Alive - From ""Saturday Night Fever"" Soundtrack",Bee Gees
157,0XRjftXFxSo0ZEC0ZdSxWQ,ATTENTION ATTENTION,Shinedown
158,7agNcPejaK4pcBB6vDIAIH,Mask Off,AzariTheRebel
159,3SnXwQUrvSacFziUYXTNKY,Congratulations,Drake
160,3MUWIjlgRUvHPMPzgQllOQ,Swalla (Jathi Mix),IndianRaga
161,0iFQTYKdmAWpnHBh9b29Ep,Castle on the Hill,Michkey Efronneu
162,2pGC8RQhmhFbZ6Fl5olWHZ,Rockabye (feat. Anne-Marie) - Recorded at Spotify Studios NYC,Clean Bandit
163,6aiHF2IbJr6lG4Vu9em8KF,Believer - Kaskade Remix,Imagine Dragons
164,6tK77Y61ZxGga7uCbMaEI1,Mi Gente - Steve Aoki Remix,J Balvin
165,5PmVqECxxW8pix05pb5gjv,Thunderstorm In The Cabin,Mother Nature Sound FX
166,16nN55998H8avhymneR6jz,Say You Won't Let Go,Henry Smith
167,0JUIqeUd1FKrEOezEPiO2S,There's Nothing Holdin' Me Back,Kidz Bop Kids
168,2KUni5F9f3ERUIJk59Zg2S,Me Rehúso,Ledes Diaz
169,5D8UU0H1l9fuUfvXhNUMqp,Issues,Don Toliver
170,0K87vOZKrGELpoWCW1d6vE,Galway Girl,Madilyn Bailey
171,5qEK1dvlPMpOYZTBFPGGPV,Scared To Be Lonely - Conro Remix,Martin Garrix
172,4dTVgHZFPlaq9nPbLVVLSG,Closer,Tegan and Sara
173,5D297vWZzFC24kn4oIzZpN,"Symphony No.5 In B Flat Major, K.22: 3. Allegro molto",RIAS-Symphonie-Orchester
174,511d5YA1GvRxjPAd7tWRrH,I Feel It Coming (Piano Arrangement),The Theorist
175,6eHqU8ntHGzddACoxlfDX0,Jam,Starboy
176,420anUxDihZOsYXlngPnmx,Wild Thoughts - Dave Audé Dance Remix,DJ Khaled
177,40Zb4FZ6nS1Hj8RVfaLkCV,Slide (feat. Blueface & Lil Tjay),French Montana
178,17DaNTlAY4qPjLJcalrCnD,New Rules,Kidz Bop Kids
179,4UOYSJCDC9ToNP0R1pnK23,1-800-273-8255,Cimorelli
180,5HUjt6psQWx08b3Nag7Jd2,Passionfruit,Wyvern Lingo
181,6XZ8SzOsrIPce5JdgMeJFF,Rockstar,YONAKA
182,1nDR2nxnrOyhCOW3CZS4yr,Strip That Down For Me,Grant Richards
183,0cdWNnS1h92fLcrKQzKaM6,Stayin' Alive (from Happy Death Day 2U),Lizzo
184,0Xcy81PsJCOO6mhLZaQyQ4,Perfecto,Mac Miller
185,5FlmoOiXokZHJvESrFbsyg,MAMA,6ix9ine
186,7cpL5JYXp3AsFZAPhjfyMu,Felices los 4,Boricua Boys
187,5KGTIrPtHo07EgeWWYWU6m,"ISpy (Spanish Version KYLE, Lil Yachty) - Spanish Remix Version",The Classy
188,4aT6vP9y2eDjxmRGm5ZqSC,Location Unknown ◐ - Brooklyn Session,HONNE
189,5qpvJmjkwkauKEaCq5RwYK,Chantaje,Raya Real
190,27jZxxjfjH8qZ2E5Ofrz6Q,Bad and Boujee - Instrumental,C-TRIP
191,6t3vdkx2mkGSxJW5Nk4RCk,Havana,Pigeons Playing Ping Pong
192,3XvcgEkQfjasB5NnY8P4QA,Track A- Solo Dancer,Charles Mingus
193,1SwVHAzSXdAYOE68mhVFWi,Fake Lover,Raymix
194,7eq2eRzA0dOdGBUzaSDrkc,Let Me Love You,Chris Lane
195,2oyYcQzOHUHOtjtvZfy49C,More Than You Know,George Winston
196,6DmkhqOF7WX8F7qg9JTdVB,One Dance,Vibe2Vibe
197,4zaPP762C4rrZhDZslhMF6,SUBEME LA RADIO - Bossa Nova Version,Ensolarada
198,2CrRibWHCCfnJCrv9TwDuP,Redbone (triple j Like A Version),Northeast Party House
199,3Ah4aFVLawZuzC5yrjH3g3,24k Magic (Jersey Club),Kyle Edwards
200,6ZUITkPPMScmzjW4jFkBn6,DNA,Empire of the Sun
201,2SfhBifYokWWumJhglTdBx,El Amante Apasionado,Polo Urias
202,77tL3TuWRtjlbBzbnpco1b,You Don't Know Me - Radio Edit,Jax Jones
203,1r7vrRQH35bUFPsfCrRVXQ,Chained to the Rhythm,Simply Three
204,6TmtxRY1tGhH6rY8HVvHG7,No Promises (feat. Demi Lovato) - Ashworth Remix,Cheat Codes
205,03razZbZkx1pUvKrmcd14L,Don't Wanna Know - Fareoh Remix,Maroon 5
206,4n9e2xksbdj3ykpJGQfw0g,"How Far I'll Go (From ""Moana"")",Club Unicorn
207,1HASJVkQKk8whVPn0lcROT,Slow Hands,Kurt Hugo Schneider
208,0iOvNMM9z4Iz3OtUBSwJ7Z,Escápate Conmigo,Leo y su Ricasalsa
209,5lATULm1LHuq7GK0RzkLXY,Bounce Back,LaCrème
210,5g8aUZsJGEkqG0hlNBsY5K,Sign Of The Times,Kim Woo Sung
211,0GLlvmD8hAGNxGSHwcrjMY,Goosebumps,Jaylon Ashaun
212,4xQK6KB8ZJpuvwk9TD1Ara,Young & Dumb,Reece Brunke
213,19zUyTLlGEM21WA6p6HMyv,There For You,Raven & Kreyn
214,7vidktgNZFQylTgH1GEnMs,Cold as Ice,Foreigner
215,630ukLlqNjQ4dKnGuALw8h,Silence Speaks (feat. Oli Sykes),While She Sleeps
216,2DqT8BvUQzpsHMNefNUJYJ,Too Good at Goodbyes,Michkey Efronneu
217,6I5MtQwGZ4quLbcPDyzThZ,Just Hold on to My Thoughts,Lincoln Velazquez
218,2UR13Sbl2amG6F8jBIQZaS,Look What You Made Me Do,Keeping Secrets
219,1i5KzbqrKM0IQFC0M32CwB,Glorious,Sudan Archives
220,0EJUsAUXac0gULHz4IiriJ,Starving for Friends,Slaves
221,4gICYVqe0drMCOVgj0OeTA,Reggaetón Lento (Bailemos),Xandra Garsem
222,4MVolTUnON9XZqmzn7kNeW,Weakness,Jeremy Zucker
223,7dgh0zpQhFVNTTmvtmTTWe,Side to Side (feat. Nicki Minaj),Ariana Grande
224,3GiG80BfiwBLkVcvgpeVTf,Otra Vez,Legarda
225,3w8O04Mi1efnH8n6pFg7et,I Like Me Better,Tom Powers
226,2sp1QtoKfxJaSlsu8NOLTn,In The Name Of Love - The Him Remix,Martin Garrix
227,5lL0ZY68foSJrxhTdJVIzI,Cold Water,CHINCHILLA
228,3RlwtjeKhemCfiPvwMFozS,Malibu,Matthew Harvey
229,2Wb9ejnmy27DUTUe9YF5Ew,All Night Long (All Night) - Single Version,Lionel Richie
230,1Z4zLmRzhziyBm2zpiUnPh,HEAR ME NOW,3OH!3
231,5vseZ4w5oHb6uNsR7dHSj0,Your Song,Elisa Mosel
232,2JTGtuwYhy11unlOqkSz1s,Ahora Dice,Marcos da costa
233,6onwlDmIVKE8bBgyBRSuS0,FRIENDS (feat. kiLL edward),J. Cole
234,3nTo73fL8wSMSu69p2PUdq,Bank Account,Jakubi
235,2Wq7wZdwNX2B1u1Ya6KXcK,Bad Things,No Mana
236,2cSiyndkQZRPmYOfrk9WlC,Don't Let Me Down (feat. Khalid),Sabrina Claudio
237,6cUpVHybFLkndUPc7h5YC3,Body Like a Back Road,Justin Champagne
238,2gPM5iXzORTiUUyCD3eqxQ,Now or Never,SF9
239,6qLtbjW2b9BWqKgovAKXGg,Dusk Till Dawn - Radio Edit,Danny Howells
